edge_id,roi_1,roi_2,beta,se,ci_lower,ci_upper,z,p_uncorrected,p_fdr,n
dPAG_vlPAG,dPAG,vlPAG,2.8371,1.9096,-0.9058,6.5799,1.4857,0.13736789347965564,0.810895328726937,53
dPAG_piri,dPAG,piri,-1.9061,1.5305,-4.9059,1.0937,-1.2454,0.21298888653076953,0.810895328726937,53
dPAG_Hyp,dPAG,Hyp,0.4218,1.5161,-2.5497,3.3933,0.2782,0.7808584063030652,0.9600065075767247,53
dPAG_BLA,dPAG,BLA,0.5042,1.7027,-2.8332,3.8416,0.2961,0.7671579053811515,0.9600065075767247,53
dPAG_sgACC,dPAG,sgACC,0.8436,1.8853,-2.8517,4.5388,0.4474,0.654560113001299,0.9104336117199886,53
dPAG_pACC,dPAG,pACC,-1.668,2.4442,-6.4587,3.1227,-0.6824,0.4949694505776321,0.8507664826475753,53
dPAG_dACC,dPAG,dACC,0.3688,1.6091,-2.7851,3.5226,0.2292,0.818739492310411,0.9600065075767247,53
dPAG_dpIns,dPAG,dpIns,3.4884,2.5048,-1.4211,8.3979,1.3927,0.16371757086140248,0.810895328726937,53
dPAG_dmIns,dPAG,dmIns,-0.1456,1.9205,-3.9097,3.6185,-0.0758,0.9395673520179152,0.9617354691526907,53
dPAG_mvaIns,dPAG,mvaIns,-0.7439,1.6475,-3.9731,2.4852,-0.4515,0.6515943941471246,0.9104336117199886,53
dPAG_lvaIns,dPAG,lvaIns,-3.2088,1.6138,-6.3719,-0.0457,-1.9883,0.04677800588460803,0.6506395363950026,53
dPAG_dmPFC,dPAG,dmPFC,0.6275,1.4928,-2.2984,3.5534,0.4203,0.6742376983969749,0.9129059102189129,53
dPAG_vmPFC,dPAG,vmPFC,0.9559,2.0285,-3.0199,4.9317,0.4713,0.6374546606505844,0.9104336117199886,53
dPAG_S1,dPAG,S1,0.8182,1.5671,-2.2533,3.8898,0.5221,0.6015840877211247,0.9104336117199886,53
dPAG_M1,dPAG,M1,1.7033,1.8687,-1.9592,5.3659,0.9115,0.36201688657394215,0.810895328726937,53
dPAG_PoI1,dPAG,PoI1,-3.7158,1.5376,-6.7295,-0.7022,-2.4167,0.01566119725213005,0.6506395363950026,53
dPAG_PoI2,dPAG,PoI2,-3.1046,1.8012,-6.635,0.4258,-1.7236,0.0847779762669322,0.810895328726937,53
vlPAG_piri,vlPAG,piri,-1.2815,2.1145,-5.426,2.8629,-0.6061,0.5444688107749961,0.8957390112749937,53
vlPAG_Hyp,vlPAG,Hyp,1.716,1.6114,-1.4423,4.8744,1.0649,0.28690631907776964,0.810895328726937,53
vlPAG_BLA,vlPAG,BLA,1.8889,1.7706,-1.5815,5.3592,1.0668,0.28605612300257977,0.810895328726937,53
vlPAG_sgACC,vlPAG,sgACC,2.1987,1.9144,-1.5536,5.951,1.1485,0.2507638339474655,0.810895328726937,53
vlPAG_pACC,vlPAG,pACC,0.9986,2.0293,-2.9789,4.976,0.4921,0.6226691986473696,0.9104336117199886,53
vlPAG_dACC,vlPAG,dACC,-0.3158,1.6849,-3.6183,2.9867,-0.1874,0.8513321731954421,0.9600065075767247,53
vlPAG_dpIns,vlPAG,dpIns,4.0789,2.5303,-0.8804,9.0382,1.6121,0.10694933319408556,0.810895328726937,53
vlPAG_dmIns,vlPAG,dmIns,2.4261,2.3264,-2.1336,6.9858,1.0429,0.297008241943733,0.810895328726937,53
vlPAG_mvaIns,vlPAG,mvaIns,-1.6222,1.8621,-5.2718,2.0275,-0.8712,0.38366887954959095,0.810895328726937,53
vlPAG_lvaIns,vlPAG,lvaIns,-1.5589,2.2349,-5.9393,2.8216,-0.6975,0.4854884437030079,0.8507664826475753,53
vlPAG_dmPFC,vlPAG,dmPFC,0.2195,1.4029,-2.5301,2.9692,0.1565,0.8756471452709785,0.9600065075767247,53
vlPAG_vmPFC,vlPAG,vmPFC,0.1492,2.0817,-3.9309,4.2292,0.0717,0.9428779109340104,0.9617354691526907,53
vlPAG_S1,vlPAG,S1,1.9937,1.7506,-1.4375,5.425,1.1388,0.2547662291477907,0.810895328726937,53
vlPAG_M1,vlPAG,M1,1.3789,1.8607,-2.2681,5.0259,0.741,0.458671553946812,0.8507664826475753,53
vlPAG_PoI1,vlPAG,PoI1,-1.6303,1.8991,-5.3526,2.092,-0.8584,0.3906606390797722,0.810895328726937,53
vlPAG_PoI2,vlPAG,PoI2,-0.3969,1.9143,-4.149,3.3552,-0.2073,0.835752977267326,0.9600065075767247,53
piri_Hyp,piri,Hyp,-0.1922,1.3458,-2.8299,2.4456,-0.1428,0.8864619778129061,0.9600065075767247,53
piri_BLA,piri,BLA,2.9867,1.4915,0.0635,5.91,2.0025,0.045226057562899824,0.6506395363950026,53
piri_sgACC,piri,sgACC,1.4798,1.5239,-1.507,4.4666,0.9711,0.33150994235985376,0.810895328726937,53
piri_pACC,piri,pACC,0.0232,1.3806,-2.6828,2.7292,0.0168,0.9865831876079575,0.9930738664737992,53
piri_dACC,piri,dACC,0.7233,1.5801,-2.3736,3.8202,0.4577,0.6471387865263023,0.9104336117199886,53
piri_dpIns,piri,dpIns,0.5857,1.7713,-2.8861,4.0574,0.3306,0.7409224623107145,0.9600065075767247,53
piri_dmIns,piri,dmIns,-1.0913,1.9501,-4.9134,2.7308,-0.5596,0.5757483039266578,0.9104336117199886,53
piri_mvaIns,piri,mvaIns,1.5112,1.714,-1.8482,4.8707,0.8817,0.3779403042658186,0.810895328726937,53
piri_lvaIns,piri,lvaIns,-0.1198,1.5275,-3.1136,2.8741,-0.0784,0.9375117609595652,0.9617354691526907,53
piri_dmPFC,piri,dmPFC,1.3744,1.4924,-1.5507,4.2994,0.9209,0.3570896637243012,0.810895328726937,53
piri_vmPFC,piri,vmPFC,0.5511,1.5242,-2.4364,3.5386,0.3615,0.7176913628275119,0.9494166588850508,53
piri_S1,piri,S1,0.6215,1.4502,-2.2208,3.4638,0.4286,0.6682491436950333,0.9129059102189129,53
piri_M1,piri,M1,1.1784,1.4707,-1.7041,4.061,0.8013,0.4229623190111066,0.8296568565217861,53
piri_PoI1,piri,PoI1,-0.8141,1.5574,-3.8666,2.2384,-0.5227,0.6011653730187041,0.9104336117199886,53
piri_PoI2,piri,PoI2,-1.6109,1.7001,-4.943,1.7213,-0.9475,0.3433687581005682,0.810895328726937,53
Hyp_BLA,Hyp,BLA,0.1603,1.5116,-2.8025,3.1232,0.1061,0.9155250994701194,0.9617354691526907,53
Hyp_sgACC,Hyp,sgACC,1.2376,1.21,-1.1341,3.6093,1.0228,0.3064136450747621,0.810895328726937,53
Hyp_pACC,Hyp,pACC,2.0943,1.4027,-0.6549,4.8435,1.4931,0.1354063809331036,0.810895328726937,53
Hyp_dACC,Hyp,dACC,1.854,2.0137,-2.0929,5.8008,0.9207,0.3572132428812548,0.810895328726937,53
Hyp_dpIns,Hyp,dpIns,-1.259,2.2754,-5.7188,3.2007,-0.5533,0.5800370103463763,0.9104336117199886,53
Hyp_dmIns,Hyp,dmIns,-1.4342,1.6253,-4.6198,1.7514,-0.8824,0.3775446744495565,0.810895328726937,53
Hyp_mvaIns,Hyp,mvaIns,1.4558,1.1638,-0.8253,3.7369,1.2509,0.2109758066818932,0.810895328726937,53
Hyp_lvaIns,Hyp,lvaIns,-2.3244,1.6866,-5.6301,0.9813,-1.3782,0.16815379937814245,0.810895328726937,53
Hyp_dmPFC,Hyp,dmPFC,1.903,1.254,-0.5547,4.3608,1.5176,0.12911317845856018,0.810895328726937,53
Hyp_vmPFC,Hyp,vmPFC,1.0033,0.8892,-0.7396,2.7463,1.1283,0.259186431481622,0.810895328726937,53
Hyp_S1,Hyp,S1,-2.2214,1.3117,-4.7925,0.3496,-1.6935,0.09036112669664545,0.810895328726937,53
Hyp_M1,Hyp,M1,-3.4943,1.2934,-6.0293,-0.9593,-2.7017,0.006898826092273049,0.6506395363950026,53
Hyp_PoI1,Hyp,PoI1,-0.7602,1.4539,-3.6099,2.0895,-0.5228,0.6010797766062959,0.9104336117199886,53
Hyp_PoI2,Hyp,PoI2,-1.4675,1.3264,-4.0673,1.1322,-1.1064,0.2685414594951143,0.810895328726937,53
BLA_sgACC,BLA,sgACC,2.3723,1.9576,-1.4646,6.2092,1.2119,0.22556651882175227,0.810895328726937,53
BLA_pACC,BLA,pACC,1.9071,1.5385,-1.1083,4.9226,1.2396,0.21512369995964975,0.810895328726937,53
BLA_dACC,BLA,dACC,3.7008,1.8422,0.0902,7.3115,2.009,0.044540006038647224,0.6506395363950026,53
BLA_dpIns,BLA,dpIns,0.2671,2.069,-3.788,4.3223,0.1291,0.8972609842056969,0.9600065075767247,53
BLA_dmIns,BLA,dmIns,1.9741,1.9056,-1.7608,5.709,1.036,0.3002223071742268,0.810895328726937,53
BLA_mvaIns,BLA,mvaIns,3.3521,1.525,0.363,6.3412,2.198,0.027948426111727306,0.6506395363950026,53
BLA_lvaIns,BLA,lvaIns,0.567,1.5178,-2.4079,3.5419,0.3736,0.7087191544466491,0.9494166588850508,53
BLA_dmPFC,BLA,dmPFC,-0.1418,1.5821,-3.2428,2.9592,-0.0897,0.9285638914902564,0.9617354691526907,53
BLA_vmPFC,BLA,vmPFC,-0.635,1.4849,-3.5455,2.2755,-0.4276,0.668914660051251,0.9129059102189129,53
BLA_S1,BLA,S1,-0.2038,1.2398,-2.6337,2.2261,-0.1644,0.8694316374337998,0.9600065075767247,53
BLA_M1,BLA,M1,-0.6065,1.2838,-3.1227,1.9097,-0.4724,0.6366130136697625,0.9104336117199886,53
BLA_PoI1,BLA,PoI1,2.3262,1.6943,-0.9947,5.647,1.3729,0.16977018532393418,0.810895328726937,53
BLA_PoI2,BLA,PoI2,2.3239,1.6972,-1.0026,5.6504,1.3693,0.17091263311777705,0.810895328726937,53
sgACC_pACC,sgACC,pACC,1.3586,1.0052,-0.6116,3.3288,1.3516,0.17650075280908173,0.810895328726937,53
sgACC_dACC,sgACC,dACC,1.3734,1.7628,-2.0817,4.8285,0.7791,0.4359147916709222,0.8442400395652037,53
sgACC_dpIns,sgACC,dpIns,2.044,2.2545,-2.3748,6.4628,0.9066,0.364600894092845,0.810895328726937,53
sgACC_dmIns,sgACC,dmIns,0.1976,1.3792,-2.5057,2.9008,0.1432,0.886103386512108,0.9600065075767247,53
sgACC_mvaIns,sgACC,mvaIns,0.8974,1.3295,-1.7085,3.5033,0.675,0.49968300796556187,0.8507664826475753,53
sgACC_lvaIns,sgACC,lvaIns,0.0082,1.6286,-3.1837,3.2002,0.0051,0.9959591120523917,0.9959591120523917,53
sgACC_dmPFC,sgACC,dmPFC,1.0725,1.2687,-1.4141,3.5591,0.8454,0.39790345882680356,0.8117230560066793,53
sgACC_vmPFC,sgACC,vmPFC,-0.0955,0.8526,-1.7665,1.5756,-0.112,0.9108520120752248,0.9617354691526907,53
sgACC_S1,sgACC,S1,-1.899,1.5883,-5.0121,1.2142,-1.1956,0.2318649756287715,0.810895328726937,53
sgACC_M1,sgACC,M1,-1.3658,1.3941,-4.0983,1.3667,-0.9797,0.3272365190204395,0.810895328726937,53
sgACC_PoI1,sgACC,PoI1,0.4236,1.3597,-2.2415,3.0887,0.3115,0.7553894929775467,0.9600065075767247,53
sgACC_PoI2,sgACC,PoI2,-0.7234,1.2256,-3.1256,1.6788,-0.5902,0.5550435391318267,0.9034219307145689,53
pACC_dACC,pACC,dACC,-1.4484,0.8053,-3.0268,0.1299,-1.7986,0.07207639386077355,0.810895328726937,53
pACC_dpIns,pACC,dpIns,-3.1228,2.2093,-7.4531,1.2075,-1.4135,0.1575227481059155,0.810895328726937,53
pACC_dmIns,pACC,dmIns,-1.0701,1.246,-3.5122,1.3721,-0.8588,0.39044702725304337,0.810895328726937,53
pACC_mvaIns,pACC,mvaIns,-0.2087,1.1817,-2.5248,2.1073,-0.1767,0.8597814639721308,0.9600065075767247,53
pACC_lvaIns,pACC,lvaIns,-1.8351,1.4249,-4.6279,0.9577,-1.2879,0.19779447762800872,0.810895328726937,53
pACC_dmPFC,pACC,dmPFC,0.7043,1.0177,-1.2905,2.6991,0.692,0.4889353291757257,0.8507664826475753,53
pACC_vmPFC,pACC,vmPFC,0.954,0.8019,-0.6177,2.5258,1.1897,0.234174323965202,0.810895328726937,53
pACC_S1,pACC,S1,0.9331,1.2587,-1.5339,3.4001,0.7414,0.45848087454816955,0.8507664826475753,53
pACC_M1,pACC,M1,1.1077,1.2739,-1.389,3.6045,0.8696,0.3845240369993195,0.810895328726937,53
pACC_PoI1,pACC,PoI1,-2.3543,1.0571,-4.4262,-0.2825,-2.2272,0.025930662822398688,0.6506395363950026,53
pACC_PoI2,pACC,PoI2,-1.6007,0.9943,-3.5495,0.3481,-1.6099,0.10741804265035741,0.810895328726937,53
dACC_dpIns,dACC,dpIns,0.3702,1.5461,-2.6602,3.4006,0.2395,0.8107512186493815,0.9600065075767247,53
dACC_dmIns,dACC,dmIns,1.5518,1.4434,-1.2773,4.3808,1.0751,0.2823472406070525,0.810895328726937,53
dACC_mvaIns,dACC,mvaIns,-1.5621,0.9986,-3.5193,0.3952,-1.5643,0.11775093311620694,0.810895328726937,53
dACC_lvaIns,dACC,lvaIns,2.2217,1.8006,-1.3075,5.7508,1.2339,0.21725238809955327,0.810895328726937,53
dACC_dmPFC,dACC,dmPFC,-0.5439,0.8899,-2.2881,1.2002,-0.6112,0.5410369749852355,0.8957390112749937,53
dACC_vmPFC,dACC,vmPFC,-0.8973,1.0821,-3.0183,1.2237,-0.8292,0.4070082338994333,0.8193718392975433,53
dACC_S1,dACC,S1,1.2716,0.9539,-0.5979,3.1412,1.3331,0.1824867799620702,0.810895328726937,53
dACC_M1,dACC,M1,1.77,0.8633,0.078,3.462,2.0503,0.04033528510597935,0.6506395363950026,53
dACC_PoI1,dACC,PoI1,0.1499,0.9259,-1.665,1.9647,0.1619,0.8714091772744743,0.9600065075767247,53
dACC_PoI2,dACC,PoI2,0.5867,0.9676,-1.3097,2.4831,0.6064,0.5442655757552926,0.8957390112749937,53
dpIns_dmIns,dpIns,dmIns,4.3526,1.7697,0.8839,7.8212,2.4595,0.013914727161209584,0.6506395363950026,53
dpIns_mvaIns,dpIns,mvaIns,-0.6395,1.9815,-4.5233,3.2444,-0.3227,0.7469144633297695,0.9600065075767247,53
dpIns_lvaIns,dpIns,lvaIns,-0.3213,1.5318,-3.3235,2.681,-0.2097,0.8338661589758747,0.9600065075767247,53
dpIns_dmPFC,dpIns,dmPFC,2.8573,1.8731,-0.8139,6.5286,1.5255,0.12713652350348678,0.810895328726937,53
dpIns_vmPFC,dpIns,vmPFC,1.4909,2.021,-2.4703,5.4521,0.7377,0.46069561750497257,0.8507664826475753,53
dpIns_S1,dpIns,S1,0.2687,1.5617,-2.7923,3.3297,0.1721,0.8633862857218642,0.9600065075767247,53
dpIns_M1,dpIns,M1,-0.4122,1.6572,-3.6603,2.8359,-0.2487,0.8035675680607303,0.9600065075767247,53
dpIns_PoI1,dpIns,PoI1,-0.5837,1.2179,-2.9709,1.8034,-0.4793,0.6317303434783432,0.9104336117199886,53
dpIns_PoI2,dpIns,PoI2,-0.7348,1.3522,-3.3851,1.9154,-0.5434,0.5868316125823734,0.9104336117199886,53
dmIns_mvaIns,dmIns,mvaIns,-0.0616,1.3284,-2.6652,2.542,-0.0464,0.9630201051959202,0.9757753383773231,53
dmIns_lvaIns,dmIns,lvaIns,1.6642,1.4963,-1.2685,4.5969,1.1122,0.2660370307118749,0.810895328726937,53
dmIns_dmPFC,dmIns,dmPFC,-0.2354,1.2698,-2.7242,2.2534,-0.1854,0.8529303044529375,0.9600065075767247,53
dmIns_vmPFC,dmIns,vmPFC,-1.0294,1.5255,-4.0193,1.9605,-0.6748,0.49980382026438785,0.8507664826475753,53
dmIns_S1,dmIns,S1,-1.3917,1.2079,-3.7592,0.9758,-1.1522,0.24925292976925828,0.810895328726937,53
dmIns_M1,dmIns,M1,-0.3584,1.3237,-2.9528,2.2359,-0.2708,0.7865626356708477,0.9600065075767247,53
dmIns_PoI1,dmIns,PoI1,1.1503,1.4153,-1.6238,3.9244,0.8127,0.41636685504035,0.8273263483269292,53
dmIns_PoI2,dmIns,PoI2,1.1597,1.7213,-2.2139,4.5334,0.6738,0.5004508721456326,0.8507664826475753,53
mvaIns_lvaIns,mvaIns,lvaIns,0.1974,1.4895,-2.7221,3.1169,0.1325,0.8945906596295673,0.9600065075767247,53
mvaIns_dmPFC,mvaIns,dmPFC,0.428,1.1931,-1.9105,2.7664,0.3587,0.7198191662135025,0.9494166588850508,53
mvaIns_vmPFC,mvaIns,vmPFC,0.8889,1.0347,-1.139,2.9169,0.8591,0.39026776327362855,0.810895328726937,53
mvaIns_S1,mvaIns,S1,0.9807,1.3927,-1.749,3.7104,0.7042,0.4813337275091575,0.8507664826475753,53
mvaIns_M1,mvaIns,M1,0.3741,1.2797,-2.1342,2.8824,0.2923,0.7700520720195064,0.9600065075767247,53
mvaIns_PoI1,mvaIns,PoI1,-1.0101,1.1048,-3.1756,1.1553,-0.9143,0.36057028006746394,0.810895328726937,53
mvaIns_PoI2,mvaIns,PoI2,-1.0781,1.0756,-3.1862,1.03,-1.0023,0.31618414267389316,0.810895328726937,53
lvaIns_dmPFC,lvaIns,dmPFC,-1.7691,1.6701,-5.0426,1.5043,-1.0593,0.2894758731921253,0.810895328726937,53
lvaIns_vmPFC,lvaIns,vmPFC,-1.0934,1.2779,-3.598,1.4112,-0.8556,0.39219774069145974,0.810895328726937,53
lvaIns_S1,lvaIns,S1,-1.2709,1.2478,-3.7165,1.1747,-1.0186,0.3084141825017499,0.810895328726937,53
lvaIns_M1,lvaIns,M1,-0.3226,1.1279,-2.5333,1.888,-0.2861,0.7748233198105793,0.9600065075767247,53
lvaIns_PoI1,lvaIns,PoI1,1.2834,1.1608,-0.9918,3.5586,1.1056,0.2688891779813134,0.810895328726937,53
lvaIns_PoI2,lvaIns,PoI2,0.6014,1.2355,-1.8202,3.0231,0.4868,0.6264095138213069,0.9104336117199886,53
dmPFC_vmPFC,dmPFC,vmPFC,1.8073,0.8475,0.1462,3.4685,2.1325,0.03296975629232246,0.6506395363950026,53
dmPFC_S1,dmPFC,S1,1.5598,0.9734,-0.348,3.4676,1.6025,0.10904238176329369,0.810895328726937,53
dmPFC_M1,dmPFC,M1,0.0782,0.8778,-1.6423,1.7986,0.0891,0.9290308214827949,0.9617354691526907,53
dmPFC_PoI1,dmPFC,PoI1,-0.6089,1.0819,-2.7294,1.5116,-0.5628,0.5735694613802156,0.9104336117199886,53
dmPFC_PoI2,dmPFC,PoI2,-0.4622,0.9886,-2.3999,1.4755,-0.4675,0.6401449064127296,0.9104336117199886,53
vmPFC_S1,vmPFC,S1,1.3323,1.4197,-1.4503,4.1149,0.9384,0.34802966584708384,0.810895328726937,53
vmPFC_M1,vmPFC,M1,-0.2976,1.2851,-2.8164,2.2212,-0.2316,0.8168702733438034,0.9600065075767247,53
vmPFC_PoI1,vmPFC,PoI1,-2.0957,1.3698,-4.7805,0.5892,-1.5299,0.12604450585366703,0.810895328726937,53
vmPFC_PoI2,vmPFC,PoI2,-2.7328,1.3547,-5.388,-0.0776,-2.0173,0.04366230039345148,0.6506395363950026,53
S1_M1,S1,M1,-1.2418,1.3972,-3.9802,1.4966,-0.8888,0.3741084578426559,0.810895328726937,53
S1_PoI1,S1,PoI1,-0.7136,0.9821,-2.6385,1.2114,-0.7266,0.4674878981819369,0.8507664826475753,53
S1_PoI2,S1,PoI2,-1.3769,1.0762,-3.4863,0.7325,-1.2794,0.2007667263352445,0.810895328726937,53
M1_PoI1,M1,PoI1,0.1392,0.8647,-1.5556,1.8339,0.161,0.8721294661344904,0.9600065075767247,53
M1_PoI2,M1,PoI2,0.2676,1.0223,-1.7362,2.2713,0.2617,0.7935246486777876,0.9600065075767247,53
PoI1_PoI2,PoI1,PoI2,-2.8708,2.5999,-7.9666,2.2251,-1.1042,0.26951759597234715,0.810895328726937,53
